EXEC_TIME, IDLE_TIME
3000000000  , 3000000000
3000000000  , 3000000000
3000000000  , 3000000000
3000000000  , 3000000000
3000000000  , 3000000000
3000000000  , 3000000000
3000000000  , 3000000000
3000000000  , 3000000000
3000000000  , 3000000000
3000000000  , 3000000000
3000000000  , 3000000000
3000000000  , 3000000000
3000000000  , 3000000000
3000000000  , 3000000000
3000000000  , 3000000000
3000000000  , 3000000000
3000000000  , 3000000000
3000000000  , 3000000000
3000000000  , 3000000000
3000000000  , 3000000000
3000000000  , 3000000000
3000000000  , 3000000000
3000000000  , 3000000000
3000000000  , 3000000000
3000000000  , 3000000000
3000000000  , 3000000000
3000000000  , 3000000000
3000000000  , 3000000000
3000000000  , 3000000000
3000000000  , 3000000000
3000000000  , 3000000000
3000000000  , 3000000000
3000000000  , 3000000000
3000000000  , 3000000000
3000000000  , 3000000000
3000000000  , 3000000000
3000000000  , 3000000000
3000000000  , 3000000000
3000000000  , 3000000000
3000000000  , 3000000000
3000000000  , 3000000000
3000000000  , 3000000000
3000000000  , 3000000000
3000000000  , 3000000000
3000000000  , 3000000000
3000000000  , 3000000000
3000000000  , 3000000000
3000000000  , 3000000000
3000000000  , 3000000000
3000000000  , 3000000000
3000000000  , 3000000000
3000000000  , 3000000000
3000000000  , 3000000000
3000000000  , 3000000000
3000000000  , 3000000000
3000000000  , 3000000000
3000000000  , 3000000000
3000000000  , 3000000000
3000000000  , 3000000000
3000000000  , 3000000000
3000000000  , 3000000000
3000000000  , 3000000000
3000000000  , 3000000000
3000000000  , 3000000000
3000000000  , 3000000000
3000000000  , 3000000000
3000000000  , 3000000000
3000000000  , 3000000000
3000000000  , 3000000000
3000000000  , 3000000000
3000000000  , 3000000000
3000000000  , 3000000000
3000000000  , 3000000000
3000000000  , 3000000000
3000000000  , 3000000000
3000000000  , 3000000000
3000000000  , 3000000000
3000000000  , 3000000000
3000000000  , 3000000000
3000000000  , 3000000000
3000000000  , 3000000000
3000000000  , 3000000000
3000000000  , 3000000000
3000000000  , 3000000000
3000000000  , 3000000000
3000000000  , 3000000000
3000000000  , 3000000000
3000000000  , 3000000000
3000000000  , 3000000000
3000000000  , 3000000000
3000000000  , 3000000000
3000000000  , 3000000000
3000000000  , 3000000000
3000000000  , 3000000000
3000000000  , 3000000000
3000000000  , 3000000000
3000000000  , 3000000000
3000000000  , 3000000000
3000000000  , 3000000000
3000000000 , 0
